{"stat.walkOneCm":23048,"stat.useItem.minecraft.torch":8,"stat.pickup.minecraft.crafting_table":2,"stat.pickup.minecraft.clay_ball":2,"stat.useItem.minecraft.cobblestone":3,"stat.craftItem.minecraft.crafting_table":2,"stat.furnaceInteraction":2,"stat.mineBlock.minecraft.coal_ore":76,"stat.pickup.minecraft.log":16,"stat.jump":189,"stat.pickup.minecraft.coal":76,"stat.fallOneCm":5566,"stat.useItem.minecraft.planks":1,"stat.pickup.minecraft.beef":6,"stat.pickup.minecraft.furnace":1,"stat.craftItem.minecraft.stone_slab2":0,"stat.useItem.minecraft.stone_axe":1,"stat.crouchOneCm":1389,"stat.craftItem.minecraft.torch":8,"stat.sprintOneCm":15486,"stat.useItem.minecraft.stone_slab2":5,"stat.pickup.minecraft.cooked_beef":1,"stat.craftItem.minecraft.stick":12,"stat.craftItem.minecraft.wooden_axe":1,"stat.craftingTableInteraction":7,"stat.pickup.minecraft.iron_ore":5,"stat.pickup.minecraft.rotten_flesh":2,"stat.craftItem.minecraft.furnace":1,"stat.craftItem.minecraft.planks":32,"stat.craftItem.minecraft.stone_axe":1,"stat.damageTaken":178,"stat.pickup.minecraft.leather":3,"stat.mineBlock.minecraft.crafting_table":2,"stat.craftItem.minecraft.stone_pickaxe":2,"stat.mineBlock.minecraft.furnace":1,"stat.mineBlock.minecraft.torch":1,"stat.useItem.minecraft.wooden_pickaxe":10,"stat.craftItem.minecraft.cooked_beef":3,"stat.pickup.minecraft.cobblestone":45,"stat.mobKills":8,"stat.mineBlock.minecraft.log":16,"stat.useItem.minecraft.beef":2,"stat.flyOneCm":35806,"stat.pickup.minecraft.wheat_seeds":2,"stat.playOneMinute":12956,"stat.pickup.minecraft.torch":1,"stat.useItem.minecraft.stone_pickaxe":122,"stat.useItem.minecraft.cooked_beef":1,"stat.sneakTime":573,"stat.damageDealt":868,"stat.mineBlock.minecraft.iron_ore":5,"stat.killEntity.Zombie":3,"stat.timeSinceDeath":12956,"stat.useItem.minecraft.wooden_axe":23,"stat.killEntity.Cow":4,"stat.mineBlock.minecraft.dirt":1,"stat.craftItem.minecraft.wooden_pickaxe":1,"stat.mineBlock.minecraft.stone":45,"stat.mineBlock.minecraft.tallgrass":8}