{"stat.pickup.tconstruct.book":2,"stat.useItem.minecraft.bow":2,"stat.pickup.minecraft.bone":28,"stat.useItem.minecraft.iron_axe":182,"stat.leaveGame":6,"stat.mineBlock.jurassicraft.peat":1,"stat.mineBlock.minecraft.cobblestone":12,"stat.pickup.minecraft.stone_pickaxe":2,"stat.craftItem.minecraft.iron_axe":2,"stat.pickup.jurassicraft.crickets":4,"stat.useItem.minecraft.mutton":6,"stat.swimOneCm":28549,"stat.useItem.minecraft.planks":1,"stat.craftItem.minecraft.shield":1,"stat.climbOneCm":20,"stat.pickup.minecraft.enchanted_book":1,"stat.pickup.minecraft.porkchop":36,"stat.useItem.minecraft.dirt":8,"stat.useItem.minecraft.stone_slab2":16,"stat.pickup.minecraft.bow":1,"stat.pickup.minecraft.iron_boots":3,"stat.pickup.minecraft.rotten_flesh":27,"stat.craftItem.minecraft.furnace":1,"stat.craftItem.minecraft.stone_axe":1,"stat.craftItem.minecraft.iron_boots":1,"stat.craftItem.minecraft.stone_pickaxe":2,"stat.craftItem.minecraft.cooked_beef":3,"stat.pickup.minecraft.cobblestone":425,"stat.entityKilledBy.cyclops":1,"stat.flyOneCm":625457,"stat.entityKilledBy.firedragon":3,"stat.killEntity.Witch":1,"stat.useItem.minecraft.cooked_beef":4,"stat.mineBlock.openblocks.grave":3,"stat.pickup.minecraft.redstone":36,"stat.mineBlock.minecraft.iron_ore":91,"stat.timeSinceDeath":15059,"stat.useItem.minecraft.iron_pickaxe":223,"stat.drop.minecraft.log":4,"stat.craftItem.minecraft.wooden_pickaxe":1,"stat.pickup.minecraft.mutton":40,"stat.pickup.minecraft.mossy_cobblestone":3,"stat.craftItem.minecraft.bed":1,"stat.mineBlock.chisel.marble2":1,"stat.pickup.sexmod.allies_lamp":2,"stat.pickup.minecraft.stonebrick":16,"stat.furnaceInteraction":11,"stat.mineBlock.minecraft.coal_ore":101,"stat.pickup.minecraft.shield":3,"stat.killEntity.Creeper":1,"stat.talkedToVillager":2,"stat.pickup.minecraft.string":10,"stat.pickup.minecraft.beef":54,"stat.pickup.minecraft.furnace":6,"stat.craftItem.minecraft.stone_slab2":0,"stat.pickup.iceandfire.troll_tusk":1,"stat.sprintOneCm":253118,"stat.pickup.minecraft.iron_chestplate":3,"stat.pickup.minecraft.skull":1,"stat.craftItem.minecraft.stick":52,"stat.craftItem.minecraft.wooden_axe":1,"stat.mineBlock.minecraft.crafting_table":4,"stat.pickup.minecraft.leather_leggings":2,"stat.useItem.minecraft.beef":30,"stat.deaths":5,"stat.drop":5,"stat.pickup.minecraft.egg":5,"stat.killEntity.cyclops":1,"stat.playOneMinute":95209,"stat.killEntity.Sheep":10,"stat.craftItem.minecraft.iron_pickaxe":1,"stat.pickup.minecraft.slime_ball":2,"stat.killEntity.Zombie":26,"stat.mineBlock.minecraft.gold_ore":20,"stat.mineBlock.minecraft.tallgrass":15,"stat.diveOneCm":12170,"stat.chestOpened":13,"stat.mineBlock.minecraft.mossy_cobblestone":3,"stat.pickup.iceandfire.troll_leather_mountain":1,"stat.pickup.minecraft.gravel":4,"stat.pickup.minecraft.arrow":55,"stat.pickup.minecraft.stone_axe":1,"stat.pickup.jurassicraft.peat":2,"stat.useItem.minecraft.rotten_flesh":22,"stat.jump":2770,"stat.pickup.minecraft.coal":291,"stat.pickup.minecraft.iron_helmet":3,"stat.fallOneCm":69703,"stat.pickup.minecraft.iron_ingot":21,"stat.drop.minecraft.stone":1,"stat.pickup.iceandfire.troll_weapon.column":1,"stat.useItem.minecraft.stone_axe":12,"stat.drop.minecraft.diamond_sword":1,"stat.pickup.minecraft.gunpowder":9,"stat.crouchOneCm":3363,"stat.craftItem.minecraft.torch":136,"stat.craftItem.minecraft.iron_ingot":32,"stat.craftItem.minecraft.iron_helmet":1,"stat.pickup.minecraft.dirt":27,"stat.craftingTableInteraction":15,"stat.pickup.minecraft.iron_ore":211,"stat.pickup.minecraft.gold_ore":60,"stat.mineBlock.minecraft.lapis_ore":14,"stat.pickup.minecraft.iron_axe":3,"stat.pickup.minecraft.leather":44,"stat.damageTaken":2526,"stat.pickup.minecraft.feather":1,"stat.mineBlock.minecraft.furnace":3,"stat.mineBlock.minecraft.torch":7,"stat.useItem.minecraft.wooden_pickaxe":10,"stat.dispenserInspected":2,"stat.pickup.minecraft.dye":264,"stat.pickup.enderzoo.confusingdust":1,"stat.pickup.minecraft.planks":3,"stat.pickup.minecraft.iron_leggings":3,"stat.pickup.minecraft.wheat_seeds":9,"stat.mineBlock.minecraft.gravel":4,"stat.useItem.minecraft.stone_pickaxe":198,"stat.craftItem.minecraft.iron_leggings":1,"stat.damageDealt":12343,"stat.sleepInBed":1,"stat.killEntity.Cow":20,"stat.mineBlock.minecraft.dirt":6,"stat.walkOneCm":207322,"stat.useItem.minecraft.torch":94,"stat.useItem.minecraft.bread":3,"stat.pickup.minecraft.stick":2,"stat.pickup.minecraft.crafting_table":7,"stat.pickup.minecraft.clay_ball":6,"stat.useItem.minecraft.cobblestone":54,"stat.craftItem.minecraft.crafting_table":3,"stat.pickup.minecraft.log":59,"stat.pickup.minecraft.iron_pickaxe":4,"stat.pickup.openblocks.info_book":2,"stat.pickup.minecraft.stone":12,"stat.craftItem.minecraft.iron_chestplate":1,"stat.drop.minecraft.sapling":1,"stat.killEntity.if_troll":1,"stat.pickup.minecraft.sapling":2,"stat.pickup.minecraft.cooked_beef":1,"stat.killEntity.Skeleton":9,"stat.useItem.iceandfire.troll_weapon.column":1,"stat.mineBlock.minecraft.stonebrick":7,"stat.craftItem.minecraft.planks":60,"stat.pickup.mca.book_infection":3,"stat.killEntity.Spider":1,"stat.pickup.minecraft.stone_sword":2,"stat.pickup.minecraft.bread":2,"stat.mobKills":76,"stat.pickup.minecraft.book":21,"stat.mineBlock.minecraft.log":32,"stat.mineBlock.minecraft.bookshelf":7,"stat.mineBlock.minecraft.leaves":2,"stat.pickup.minecraft.torch":160,"stat.mineBlock.minecraft.redstone_ore":2,"stat.sneakTime":1279,"stat.pickup.minecraft.wool":31,"stat.drop.minecraft.arrow":1,"stat.useItem.minecraft.wooden_axe":23,"stat.mineBlock.minecraft.stone":166}