{"stat.chestOpened":4,"stat.useItem.minecraft.bow":2,"stat.pickup.minecraft.bone":8,"stat.useItem.minecraft.iron_axe":95,"stat.pickup.minecraft.gravel":4,"stat.leaveGame":1,"stat.pickup.minecraft.arrow":17,"stat.mineBlock.minecraft.cobblestone":6,"stat.pickup.minecraft.stone_axe":1,"stat.craftItem.minecraft.iron_axe":1,"stat.useItem.minecraft.rotten_flesh":21,"stat.useItem.minecraft.mutton":6,"stat.jump":921,"stat.swimOneCm":8575,"stat.pickup.minecraft.coal":102,"stat.fallOneCm":19438,"stat.useItem.minecraft.planks":1,"stat.craftItem.minecraft.shield":1,"stat.drop.minecraft.stone":1,"stat.useItem.minecraft.stone_axe":12,"stat.crouchOneCm":2240,"stat.craftItem.minecraft.torch":136,"stat.craftItem.minecraft.iron_ingot":32,"stat.craftItem.minecraft.iron_helmet":1,"stat.pickup.minecraft.dirt":4,"stat.useItem.minecraft.stone_slab2":10,"stat.pickup.minecraft.bow":1,"stat.craftingTableInteraction":12,"stat.pickup.minecraft.iron_ore":93,"stat.pickup.minecraft.rotten_flesh":21,"stat.craftItem.minecraft.furnace":1,"stat.pickup.minecraft.gold_ore":20,"stat.mineBlock.minecraft.lapis_ore":14,"stat.craftItem.minecraft.stone_axe":1,"stat.craftItem.minecraft.iron_boots":1,"stat.pickup.minecraft.leather":3,"stat.damageTaken":1075,"stat.craftItem.minecraft.stone_pickaxe":2,"stat.mineBlock.minecraft.furnace":2,"stat.mineBlock.minecraft.torch":7,"stat.useItem.minecraft.wooden_pickaxe":10,"stat.craftItem.minecraft.cooked_beef":3,"stat.pickup.minecraft.cobblestone":159,"stat.pickup.minecraft.dye":88,"stat.flyOneCm":127564,"stat.pickup.minecraft.wheat_seeds":2,"stat.killEntity.Witch":1,"stat.mineBlock.minecraft.gravel":4,"stat.useItem.minecraft.stone_pickaxe":198,"stat.useItem.minecraft.cooked_beef":4,"stat.craftItem.minecraft.iron_leggings":1,"stat.damageDealt":7989,"stat.pickup.minecraft.redstone":9,"stat.mineBlock.minecraft.iron_ore":91,"stat.timeSinceDeath":46174,"stat.killEntity.Cow":4,"stat.mineBlock.minecraft.dirt":5,"stat.useItem.minecraft.iron_pickaxe":210,"stat.craftItem.minecraft.wooden_pickaxe":1,"stat.pickup.minecraft.mutton":13,"stat.walkOneCm":130693,"stat.useItem.minecraft.torch":93,"stat.pickup.minecraft.crafting_table":3,"stat.pickup.minecraft.clay_ball":2,"stat.useItem.minecraft.cobblestone":54,"stat.pickup.minecraft.stonebrick":5,"stat.furnaceInteraction":11,"stat.craftItem.minecraft.crafting_table":2,"stat.mineBlock.minecraft.coal_ore":101,"stat.pickup.minecraft.string":4,"stat.pickup.minecraft.log":16,"stat.pickup.minecraft.beef":6,"stat.pickup.minecraft.furnace":2,"stat.craftItem.minecraft.stone_slab2":0,"stat.pickup.minecraft.stone":12,"stat.craftItem.minecraft.iron_chestplate":1,"stat.sprintOneCm":95384,"stat.pickup.minecraft.cooked_beef":1,"stat.craftItem.minecraft.stick":48,"stat.craftItem.minecraft.wooden_axe":1,"stat.killEntity.Skeleton":9,"stat.mineBlock.minecraft.stonebrick":5,"stat.craftItem.minecraft.planks":48,"stat.mineBlock.minecraft.crafting_table":3,"stat.killEntity.Spider":1,"stat.pickup.minecraft.stone_sword":2,"stat.mobKills":52,"stat.pickup.minecraft.leather_leggings":2,"stat.mineBlock.minecraft.log":16,"stat.useItem.minecraft.beef":2,"stat.drop":1,"stat.mineBlock.minecraft.leaves":2,"stat.playOneMinute":46174,"stat.pickup.minecraft.torch":10,"stat.killEntity.Sheep":9,"stat.mineBlock.minecraft.redstone_ore":2,"stat.craftItem.minecraft.iron_pickaxe":1,"stat.sneakTime":882,"stat.pickup.minecraft.wool":9,"stat.killEntity.Zombie":23,"stat.useItem.minecraft.wooden_axe":23,"stat.mineBlock.minecraft.stone":166,"stat.mineBlock.minecraft.gold_ore":20,"stat.mineBlock.minecraft.tallgrass":8,"stat.diveOneCm":423}