{"stat.pickup.tconstruct.book":2,"stat.useItem.minecraft.bow":2,"stat.pickup.minecraft.wooden_slab":7,"stat.leaveGame":7,"stat.mineBlock.jurassicraft.peat":1,"stat.craftItem.minecraft.iron_axe":2,"stat.pickup.jurassicraft.crickets":18,"stat.useItem.minecraft.mutton":19,"stat.useItem.minecraft.planks":2,"stat.craftItem.minecraft.shield":1,"stat.pickup.minecraft.porkchop":83,"stat.pickup.minecraft.rotten_flesh":29,"stat.craftItem.minecraft.stone_axe":1,"stat.pickup.iceandfire.chared_cobblestone":4,"stat.entityKilledBy.cyclops":1,"stat.entityKilledBy.firedragon":9,"stat.pickup.iceandfire.ash":5,"stat.killEntity.Witch":1,"stat.mineBlock.openblocks.grave":6,"stat.useItem.minecraft.iron_pickaxe":223,"stat.craftItem.minecraft.wooden_pickaxe":1,"stat.craftItem.minecraft.bed":1,"stat.mineBlock.chisel.marble2":1,"stat.pickup.sexmod.allies_lamp":2,"stat.furnaceInteraction":11,"stat.pickup.iceandfire.manuscript":3,"stat.pickup.minecraft.beef":60,"stat.pickup.minecraft.furnace":9,"stat.pickup.iceandfire.troll_tusk":4,"stat.pickup.minecraft.iron_chestplate":6,"stat.pickup.minecraft.skull":1,"stat.useItem.minecraft.beef":35,"stat.deaths":12,"stat.pickup.minecraft.egg":14,"stat.playOneMinute":128726,"stat.craftItem.minecraft.iron_pickaxe":1,"stat.mineBlock.minecraft.tallgrass":20,"stat.chestOpened":21,"stat.pickup.minecraft.arrow":121,"stat.pickup.minecraft.gold_nugget":10,"stat.fallOneCm":106858,"stat.drop.minecraft.stone":1,"stat.crouchOneCm":3461,"stat.craftItem.minecraft.iron_ingot":32,"stat.craftingTableInteraction":17,"stat.pickup.minecraft.feather":1,"stat.pickup.minecraft.dye":264,"stat.pickup.enderzoo.confusingdust":4,"stat.pickup.minecraft.planks":12,"stat.pickup.minecraft.iron_leggings":6,"stat.pickup.minecraft.wheat_seeds":13,"stat.drop.jurassicraft.crickets":1,"stat.mineBlock.minecraft.gravel":4,"stat.useItem.minecraft.stone_pickaxe":198,"stat.craftItem.minecraft.iron_leggings":1,"stat.mineBlock.minecraft.dirt":11,"stat.useItem.minecraft.torch":94,"stat.useItem.minecraft.bread":3,"stat.pickup.minecraft.crafting_table":10,"stat.useItem.minecraft.cobblestone":54,"stat.craftItem.minecraft.crafting_table":4,"stat.craftItem.minecraft.boat":1,"stat.pickup.minecraft.log":123,"stat.pickup.minecraft.iron_pickaxe":10,"stat.drop.minecraft.sapling":1,"stat.pickup.minecraft.sapling":2,"stat.useItem.iceandfire.troll_weapon.column":1,"stat.mineBlock.iceandfire.goldpile":2,"stat.craftItem.minecraft.bucket":1,"stat.craftItem.minecraft.planks":68,"stat.pickup.minecraft.stone_sword":2,"stat.pickup.minecraft.book":23,"stat.mineBlock.minecraft.log":37,"stat.pickup.minecraft.red_flower":3,"stat.sneakTime":1421,"stat.pickup.minecraft.wool":31,"stat.useItem.minecraft.wooden_axe":23,"stat.pickup.minecraft.bone":28,"stat.useItem.minecraft.iron_axe":197,"stat.mineBlock.minecraft.cobblestone":12,"stat.pickup.minecraft.stone_pickaxe":2,"stat.drop.minecraft.mossy_cobblestone":1,"stat.useItem.minecraft.diamond_sword":228,"stat.swimOneCm":38157,"stat.climbOneCm":20,"stat.pickup.minecraft.enchanted_book":4,"stat.useItem.minecraft.dirt":8,"stat.useItem.minecraft.stone_slab2":18,"stat.pickup.minecraft.bow":1,"stat.pickup.minecraft.iron_boots":6,"stat.craftItem.minecraft.furnace":1,"stat.craftItem.minecraft.iron_boots":1,"stat.craftItem.minecraft.stone_pickaxe":2,"stat.craftItem.minecraft.cooked_beef":3,"stat.pickup.minecraft.cobblestone":553,"stat.flyOneCm":1153205,"stat.useItem.minecraft.cooked_beef":4,"stat.pickup.minecraft.redstone":63,"stat.mineBlock.minecraft.iron_ore":91,"stat.timeSinceDeath":18399,"stat.drop.minecraft.log":5,"stat.pickup.minecraft.mutton":79,"stat.pickup.minecraft.mossy_cobblestone":4,"stat.pickup.minecraft.stonebrick":18,"stat.mineBlock.minecraft.coal_ore":101,"stat.pickup.minecraft.shield":6,"stat.killEntity.Creeper":1,"stat.talkedToVillager":2,"stat.pickup.minecraft.string":28,"stat.craftItem.minecraft.stone_slab2":0,"stat.sprintOneCm":343223,"stat.craftItem.minecraft.stick":52,"stat.craftItem.minecraft.wooden_axe":1,"stat.useItem.swordcraftonline.ordinalscale":1,"stat.mineBlock.minecraft.crafting_table":4,"stat.pickup.minecraft.leather_leggings":2,"stat.drop":15,"stat.killEntity.cyclops":1,"stat.killEntity.Sheep":10,"stat.useItem.iceandfire.chared_cobblestone":1,"stat.pickup.minecraft.slime_ball":5,"stat.killEntity.Zombie":27,"stat.mineBlock.minecraft.gold_ore":20,"stat.diveOneCm":18619,"stat.mineBlock.minecraft.mossy_cobblestone":3,"stat.pickup.iceandfire.troll_leather_mountain":4,"stat.pickup.minecraft.gravel":4,"stat.pickup.minecraft.stone_axe":1,"stat.useItem.minecraft.porkchop":13,"stat.pickup.jurassicraft.peat":2,"stat.useItem.minecraft.rotten_flesh":22,"stat.pickup.minecraft.diamond_sword":1,"stat.jump":4115,"stat.pickup.minecraft.coal":480,"stat.pickup.minecraft.iron_helmet":6,"stat.pickup.minecraft.iron_ingot":73,"stat.pickup.iceandfire.troll_weapon.column":4,"stat.useItem.minecraft.stone_axe":12,"stat.drop.minecraft.diamond_sword":5,"stat.pickup.minecraft.gunpowder":30,"stat.craftItem.minecraft.torch":136,"stat.craftItem.minecraft.iron_helmet":1,"stat.pickup.minecraft.dirt":33,"stat.pickup.minecraft.iron_ore":211,"stat.boatOneCm":4411,"stat.pickup.minecraft.gold_ore":60,"stat.mineBlock.minecraft.lapis_ore":14,"stat.pickup.minecraft.iron_axe":6,"stat.pickup.minecraft.leather":110,"stat.damageTaken":4596,"stat.mineBlock.minecraft.furnace":3,"stat.mineBlock.minecraft.torch":7,"stat.useItem.minecraft.wooden_pickaxe":10,"stat.dispenserInspected":2,"stat.damageDealt":23577,"stat.sleepInBed":4,"stat.killEntity.Cow":20,"stat.walkOneCm":242202,"stat.pickup.minecraft.stick":2,"stat.pickup.minecraft.clay_ball":6,"stat.pickup.openblocks.info_book":2,"stat.pickup.minecraft.stone":12,"stat.craftItem.minecraft.iron_chestplate":1,"stat.killEntity.if_troll":1,"stat.drop.swordcraftonline.ordinalscale":1,"stat.pickup.minecraft.cooked_beef":1,"stat.killEntity.Skeleton":9,"stat.mineBlock.minecraft.stonebrick":7,"stat.drop.iceandfire.ash":2,"stat.pickup.mca.book_infection":7,"stat.killEntity.Spider":1,"stat.pickup.minecraft.bread":2,"stat.mobKills":81,"stat.mineBlock.minecraft.bookshelf":7,"stat.useItem.minecraft.boat":1,"stat.mineBlock.minecraft.leaves":2,"stat.pickup.minecraft.torch":310,"stat.mineBlock.minecraft.redstone_ore":2,"stat.drop.minecraft.arrow":1,"stat.killEntity.firedragon":4,"stat.drop.iceandfire.chared_cobblestone":1,"stat.mineBlock.minecraft.stone":166}