{"stat.pickup.tconstruct.book":2,"stat.useItem.minecraft.bow":2,"stat.pickup.minecraft.bone":28,"stat.useItem.minecraft.iron_axe":117,"stat.leaveGame":5,"stat.mineBlock.minecraft.cobblestone":6,"stat.pickup.minecraft.stone_pickaxe":2,"stat.craftItem.minecraft.iron_axe":1,"stat.pickup.jurassicraft.crickets":1,"stat.useItem.minecraft.mutton":6,"stat.swimOneCm":9742,"stat.useItem.minecraft.planks":1,"stat.craftItem.minecraft.shield":1,"stat.useItem.minecraft.stone_slab2":10,"stat.pickup.minecraft.bow":1,"stat.pickup.minecraft.iron_boots":2,"stat.pickup.minecraft.rotten_flesh":22,"stat.craftItem.minecraft.furnace":1,"stat.craftItem.minecraft.stone_axe":1,"stat.craftItem.minecraft.iron_boots":1,"stat.craftItem.minecraft.stone_pickaxe":2,"stat.craftItem.minecraft.cooked_beef":3,"stat.pickup.minecraft.cobblestone":335,"stat.flyOneCm":226064,"stat.entityKilledBy.firedragon":3,"stat.killEntity.Witch":1,"stat.useItem.minecraft.cooked_beef":4,"stat.mineBlock.openblocks.grave":2,"stat.pickup.minecraft.redstone":27,"stat.mineBlock.minecraft.iron_ore":91,"stat.timeSinceDeath":4845,"stat.useItem.minecraft.iron_pickaxe":210,"stat.craftItem.minecraft.wooden_pickaxe":1,"stat.pickup.minecraft.mutton":27,"stat.pickup.sexmod.allies_lamp":2,"stat.pickup.minecraft.stonebrick":15,"stat.furnaceInteraction":11,"stat.mineBlock.minecraft.coal_ore":101,"stat.pickup.minecraft.shield":2,"stat.killEntity.Creeper":1,"stat.pickup.minecraft.string":4,"stat.pickup.minecraft.beef":6,"stat.pickup.minecraft.furnace":4,"stat.craftItem.minecraft.stone_slab2":0,"stat.sprintOneCm":116497,"stat.pickup.minecraft.iron_chestplate":2,"stat.craftItem.minecraft.stick":48,"stat.craftItem.minecraft.wooden_axe":1,"stat.mineBlock.minecraft.crafting_table":3,"stat.pickup.minecraft.leather_leggings":2,"stat.useItem.minecraft.beef":2,"stat.deaths":4,"stat.drop":2,"stat.playOneMinute":58093,"stat.killEntity.Sheep":9,"stat.craftItem.minecraft.iron_pickaxe":1,"stat.killEntity.Zombie":26,"stat.mineBlock.minecraft.gold_ore":20,"stat.mineBlock.minecraft.tallgrass":9,"stat.diveOneCm":1398,"stat.chestOpened":5,"stat.pickup.minecraft.gravel":4,"stat.pickup.minecraft.arrow":51,"stat.pickup.minecraft.stone_axe":1,"stat.useItem.minecraft.rotten_flesh":21,"stat.jump":1203,"stat.pickup.minecraft.coal":228,"stat.pickup.minecraft.iron_helmet":2,"stat.fallOneCm":27352,"stat.pickup.minecraft.iron_ingot":4,"stat.drop.minecraft.stone":1,"stat.useItem.minecraft.stone_axe":12,"stat.drop.minecraft.diamond_sword":1,"stat.pickup.minecraft.gunpowder":2,"stat.crouchOneCm":2240,"stat.craftItem.minecraft.torch":136,"stat.craftItem.minecraft.iron_ingot":32,"stat.craftItem.minecraft.iron_helmet":1,"stat.pickup.minecraft.dirt":12,"stat.craftingTableInteraction":12,"stat.pickup.minecraft.iron_ore":211,"stat.pickup.minecraft.gold_ore":60,"stat.mineBlock.minecraft.lapis_ore":14,"stat.pickup.minecraft.iron_axe":2,"stat.pickup.minecraft.leather":9,"stat.damageTaken":1996,"stat.mineBlock.minecraft.furnace":2,"stat.mineBlock.minecraft.torch":7,"stat.useItem.minecraft.wooden_pickaxe":10,"stat.pickup.minecraft.dye":264,"stat.pickup.minecraft.iron_leggings":2,"stat.pickup.minecraft.wheat_seeds":8,"stat.mineBlock.minecraft.gravel":4,"stat.useItem.minecraft.stone_pickaxe":198,"stat.craftItem.minecraft.iron_leggings":1,"stat.damageDealt":9068,"stat.killEntity.Cow":4,"stat.mineBlock.minecraft.dirt":5,"stat.walkOneCm":153430,"stat.useItem.minecraft.torch":93,"stat.useItem.minecraft.bread":2,"stat.pickup.minecraft.crafting_table":5,"stat.pickup.minecraft.clay_ball":6,"stat.useItem.minecraft.cobblestone":54,"stat.craftItem.minecraft.crafting_table":2,"stat.pickup.minecraft.log":20,"stat.pickup.minecraft.iron_pickaxe":2,"stat.pickup.openblocks.info_book":2,"stat.pickup.minecraft.stone":12,"stat.craftItem.minecraft.iron_chestplate":1,"stat.pickup.minecraft.cooked_beef":1,"stat.killEntity.Skeleton":9,"stat.mineBlock.minecraft.stonebrick":5,"stat.craftItem.minecraft.planks":48,"stat.pickup.mca.book_infection":2,"stat.killEntity.Spider":1,"stat.pickup.minecraft.stone_sword":2,"stat.pickup.minecraft.bread":1,"stat.mobKills":57,"stat.pickup.minecraft.book":21,"stat.mineBlock.minecraft.log":16,"stat.mineBlock.minecraft.bookshelf":7,"stat.mineBlock.minecraft.leaves":2,"stat.pickup.minecraft.torch":110,"stat.mineBlock.minecraft.redstone_ore":2,"stat.sneakTime":896,"stat.pickup.minecraft.wool":27,"stat.useItem.minecraft.wooden_axe":23,"stat.mineBlock.minecraft.stone":166}