{"stats":{"minecraft:custom":{"minecraft:mob_kills":135,"minecraft:interact_with_crafting_table":31,"minecraft:open_barrel":6,"minecraft:leave_game":3,"minecraft:time_since_death":63429,"minecraft:climb_one_cm":6126,"minecraft:sprint_one_cm":505885,"minecraft:walk_one_cm":438186,"minecraft:damage_blocked_by_shield":964,"minecraft:drop":71,"minecraft:play_time":185997,"minecraft:deaths":18,"minecraft:sneak_time":6677,"minecraft:walk_under_water_one_cm":16114,"minecraft:jump":3773,"minecraft:walk_on_water_one_cm":37122,"minecraft:total_world_time":185997,"minecraft:interact_with_furnace":58,"minecraft:sleep_in_bed":3,"minecraft:time_since_rest":63453,"minecraft:damage_taken":7962,"minecraft:damage_absorbed":40,"minecraft:damage_dealt":14072,"minecraft:fly_one_cm":630435,"minecraft:swim_one_cm":82258,"minecraft:open_chest":33,"minecraft:crouch_one_cm":10131,"minecraft:fall_one_cm":93184,"minecraft:inspect_dispenser":8,"minecraft:horse_one_cm":8016},"minecraft:dropped":{"minecraft:iron_ingot":9,"minecraft:birch_planks":59,"minecraft:wheat_seeds":14,"minecraft:lilac":12,"minecraft:glass_bottle":1,"minecraft:decorated_pot":2,"minecraft:cobblestone":88,"minecraft:polished_tuff":3,"minecraft:leather":1,"minecraft:grass_block":1,"minecraft:coal":10,"minecraft:magenta_bed":1,"minecraft:dirt":7,"minecraft:stone_button":1,"minecraft:dispenser":1,"minecraft:waxed_weathered_copper_bulb":1,"minecraft:cornflower":1,"minecraft:scrape_pottery_sherd":1,"minecraft:pumpkin":12,"minecraft:string":1,"minecraft:pink_petals":1,"minecraft:white_wool":14,"minecraft:bone":5,"minecraft:waxed_cut_copper_slab":1,"minecraft:furnace":1,"minecraft:tuff_bricks":51,"minecraft:chiseled_tuff_bricks":8,"minecraft:stone_sword":1,"minecraft:raw_iron":21,"minecraft:rotten_flesh":15,"minecraft:oak_planks":23,"minecraft:cooked_mutton":5,"minecraft:honey_bottle":2,"minecraft:waxed_copper_block":10,"minecraft:flower_pot":3,"minecraft:red_candle":10,"minecraft:oak_button":1,"minecraft:trial_key":4,"minecraft:waxed_cut_copper":1,"minecraft:iron_chestplate":3,"minecraft:spider_eye":1,"minecraft:arrow":11,"minecraft:magenta_dye":1,"minecraft:stone_pickaxe":4,"minecraft:brick":8,"minecraft:waxed_oxidized_copper_grate":2,"minecraft:splash_potion":1},"minecraft:used":{"minecraft:tuff_bricks":2,"minecraft:stone_sword":131,"minecraft:chest":1,"minecraft:shield":18,"minecraft:iron_sword":7,"minecraft:cooked_chicken":2,"minecraft:rotten_flesh":6,"minecraft:trial_key":4,"minecraft:torch":287,"minecraft:dirt":12,"minecraft:mutton":6,"minecraft:tuff":2,"minecraft:granite":9,"minecraft:wooden_axe":42,"minecraft:iron_axe":83,"minecraft:bow":41,"minecraft:beef":8,"minecraft:sweet_berries":30,"minecraft:furnace":3,"minecraft:cobbled_deepslate":28,"minecraft:cooked_mutton":29,"minecraft:water_bucket":1,"minecraft:diorite":15,"minecraft:birch_planks":18,"minecraft:oak_planks":20,"minecraft:stone_pickaxe":345,"minecraft:wooden_pickaxe":135,"minecraft:cherry_planks":4,"minecraft:golden_apple":1,"minecraft:sand":1,"minecraft:crafting_table":6,"minecraft:magenta_bed":1,"minecraft:crossbow":3,"minecraft:white_bed":2,"minecraft:polished_tuff":3,"minecraft:wind_charge":4,"minecraft:bread":8,"minecraft:iron_pickaxe":249,"minecraft:gravel":44,"minecraft:stone_axe":66,"minecraft:chiseled_tuff_bricks":8,"minecraft:fire_charge":1,"minecraft:cobblestone":46,"minecraft:cooked_porkchop":3,"minecraft:bucket":1,"minecraft:andesite":19,"minecraft:oak_boat":2,"minecraft:golden_pickaxe":6,"minecraft:splash_potion":1},"minecraft:picked_up":{"minecraft:iron_chestplate":3,"minecraft:ominous_bottle":1,"minecraft:splash_potion":13,"minecraft:flower_pot":9,"minecraft:golden_pickaxe":3,"minecraft:wooden_pickaxe":10,"minecraft:enchanted_book":6,"minecraft:potion":6,"minecraft:shield":1,"minecraft:brick":177,"minecraft:cornflower":2,"minecraft:string":3,"minecraft:iron_axe":1,"minecraft:waxed_cut_copper_slab":2,"minecraft:iron_leggings":1,"minecraft:red_candle":17,"minecraft:cobbled_deepslate":88,"minecraft:beef":8,"minecraft:trial_key":19,"minecraft:oak_boat":2,"minecraft:iron_pickaxe":1,"minecraft:guster_pottery_sherd":5,"minecraft:sugar_cane":44,"minecraft:iron_boots":1,"minecraft:furnace":1,"minecraft:egg":20,"minecraft:tipped_arrow":13,"minecraft:raw_iron":81,"minecraft:stick":37,"minecraft:torch":52,"minecraft:fire_charge":64,"minecraft:porkchop":14,"minecraft:waxed_weathered_copper_bulb":2,"minecraft:cherry_log":1,"minecraft:stone_button":1,"minecraft:diorite":15,"minecraft:carrot":1,"minecraft:stone_sword":15,"minecraft:arrow":173,"minecraft:honey_bottle":15,"minecraft:rotten_flesh":44,"minecraft:decorated_pot":29,"minecraft:tuff_bricks":79,"minecraft:waxed_cut_copper":7,"minecraft:mutton":22,"minecraft:snowball":8,"minecraft:white_wool":37,"minecraft:cobblestone":1126,"minecraft:birch_log":3,"minecraft:pink_petals":45,"minecraft:lilac":36,"minecraft:water_bucket":2,"minecraft:andesite":26,"minecraft:leather":6,"minecraft:flint":1,"minecraft:birch_planks":317,"minecraft:waxed_copper_bulb":1,"minecraft:magenta_dye":2,"minecraft:tuff":2,"minecraft:oak_log":27,"minecraft:waxed_copper_block":16,"minecraft:magenta_bed":3,"minecraft:lapis_lazuli":23,"minecraft:dirt":48,"minecraft:cooked_mutton":35,"minecraft:bone":80,"minecraft:bow":7,"minecraft:wheat_seeds":24,"minecraft:raw_gold":11,"minecraft:cooked_chicken":7,"minecraft:iron_ingot":62,"minecraft:stone_pickaxe":16,"minecraft:glass_bottle":4,"minecraft:iron_sword":1,"minecraft:honeycomb":11,"minecraft:oak_planks":36,"minecraft:scrape_pottery_sherd":2,"minecraft:scaffolding":2,"minecraft:cooked_porkchop":3,"minecraft:pumpkin":120,"minecraft:sweet_berries":93,"minecraft:gravel":73,"minecraft:sand":5,"minecraft:spruce_sapling":3,"minecraft:grass_block":1,"minecraft:white_bed":1,"minecraft:spruce_log":54,"minecraft:spider_eye":1,"minecraft:polished_tuff":24,"minecraft:diamond":20,"minecraft:dispenser":1,"minecraft:slime_ball":112,"minecraft:stone_axe":3,"minecraft:iron_helmet":1,"minecraft:waxed_oxidized_copper_grate":4,"minecraft:crossbow":1,"minecraft:breeze_rod":5,"minecraft:granite":24,"minecraft:cherry_sapling":1,"minecraft:golden_apple":6,"minecraft:emerald":44,"minecraft:bread":14,"minecraft:oak_button":1,"minecraft:baked_potato":2,"minecraft:oak_sapling":1,"minecraft:coal":194,"minecraft:chiseled_tuff_bricks":20,"minecraft:ender_pearl":1},"minecraft:crafted":{"minecraft:cherry_planks":4,"minecraft:oak_planks":56,"minecraft:birch_slab":6,"minecraft:wind_charge":4,"minecraft:furnace":3,"minecraft:cooked_mutton":8,"minecraft:bow":1,"minecraft:stone_pickaxe":3,"minecraft:chest":1,"minecraft:cooked_porkchop":3,"minecraft:crafting_table":6,"minecraft:spruce_planks":80,"minecraft:wooden_pickaxe":4,"minecraft:birch_planks":12,"minecraft:air":0,"minecraft:oak_boat":1,"minecraft:iron_chestplate":1,"minecraft:stick":88,"minecraft:iron_ingot":23,"minecraft:wooden_axe":1,"minecraft:stone_sword":2,"minecraft:white_bed":1,"minecraft:torch":292},"minecraft:broken":{"minecraft:wooden_pickaxe":1,"minecraft:stone_axe":1,"minecraft:iron_pickaxe":1,"minecraft:wooden_axe":1},"minecraft:mined":{"minecraft:tuff":2,"minecraft:white_bed":1,"minecraft:mossy_cobblestone":3,"minecraft:deepslate_diamond_ore":22,"minecraft:granite":14,"minecraft:stone_button":2,"minecraft:grass_block":17,"minecraft:decorated_pot":27,"minecraft:white_concrete":1,"minecraft:spruce_leaves":9,"minecraft:chiseled_tuff_bricks":1,"minecraft:tuff_bricks":22,"minecraft:large_fern":6,"minecraft:tall_seagrass":4,"minecraft:furnace":1,"minecraft:iron_ore":26,"minecraft:fire":1,"minecraft:polished_tuff":7,"minecraft:andesite":37,"minecraft:pumpkin":11,"minecraft:deepslate_iron_ore":7,"minecraft:stone":238,"minecraft:powder_snow":15,"minecraft:crafting_table":1,"minecraft:torch":12,"minecraft:short_grass":43,"minecraft:cobblestone":1,"minecraft:tall_grass":5,"minecraft:deepslate_gold_ore":12,"minecraft:lapis_ore":4,"minecraft:sugar_cane":5,"minecraft:wall_torch":1,"minecraft:diorite":20,"minecraft:pink_petals":6,"minecraft:seagrass":5,"minecraft:red_candle":2,"minecraft:birch_log":3,"minecraft:sweet_berry_bush":12,"minecraft:spruce_log":38,"minecraft:waxed_copper_block":3,"minecraft:oak_log":27,"minecraft:coal_ore":141,"minecraft:waxed_oxidized_copper":1,"minecraft:flower_pot":2,"minecraft:sand":6,"minecraft:cherry_leaves":11,"minecraft:gravel":57,"minecraft:dirt":29,"minecraft:smooth_basalt":2,"minecraft:deepslate":90,"minecraft:oak_leaves":5,"minecraft:fern":3},"minecraft:killed_by":{"minecraft:player":1,"minecraft:skeleton":13,"minecraft:zombie":4},"minecraft:killed":{"minecraft:spider":5,"minecraft:slime":46,"minecraft:skeleton":21,"minecraft:pig":6,"minecraft:creeper":2,"minecraft:sheep":16,"minecraft:zombie":24,"minecraft:stray":4,"minecraft:breeze":2,"minecraft:enderman":1,"minecraft:cow":6}},"DataVersion":3953}