{"stat.walkOneCm":57422,"stat.useItem.minecraft.torch":46,"stat.pickup.minecraft.bone":1,"stat.useItem.minecraft.iron_axe":27,"stat.pickup.minecraft.gravel":1,"stat.pickup.minecraft.arrow":5,"stat.pickup.minecraft.crafting_table":3,"stat.pickup.minecraft.clay_ball":2,"stat.useItem.minecraft.cobblestone":3,"stat.craftItem.minecraft.crafting_table":2,"stat.furnaceInteraction":11,"stat.pickup.minecraft.stone_axe":1,"stat.craftItem.minecraft.iron_axe":1,"stat.mineBlock.minecraft.coal_ore":101,"stat.pickup.minecraft.log":16,"stat.pickup.minecraft.string":4,"stat.useItem.minecraft.rotten_flesh":8,"stat.jump":442,"stat.pickup.minecraft.coal":101,"stat.fallOneCm":11312,"stat.useItem.minecraft.planks":1,"stat.craftItem.minecraft.shield":1,"stat.pickup.minecraft.beef":6,"stat.pickup.minecraft.furnace":2,"stat.craftItem.minecraft.stone_slab2":0,"stat.useItem.minecraft.stone_axe":12,"stat.craftItem.minecraft.iron_chestplate":1,"stat.crouchOneCm":1928,"stat.craftItem.minecraft.torch":72,"stat.craftItem.minecraft.iron_ingot":32,"stat.craftItem.minecraft.iron_helmet":1,"stat.sprintOneCm":37441,"stat.useItem.minecraft.stone_slab2":8,"stat.pickup.minecraft.bow":1,"stat.pickup.minecraft.cooked_beef":1,"stat.craftItem.minecraft.stick":32,"stat.craftItem.minecraft.wooden_axe":1,"stat.craftingTableInteraction":12,"stat.pickup.minecraft.iron_ore":46,"stat.pickup.minecraft.rotten_flesh":9,"stat.killEntity.Skeleton":4,"stat.craftItem.minecraft.furnace":1,"stat.pickup.minecraft.gold_ore":13,"stat.mineBlock.minecraft.lapis_ore":2,"stat.craftItem.minecraft.planks":40,"stat.craftItem.minecraft.stone_axe":1,"stat.craftItem.minecraft.iron_boots":1,"stat.damageTaken":722,"stat.pickup.minecraft.leather":3,"stat.mineBlock.minecraft.crafting_table":3,"stat.killEntity.Spider":1,"stat.craftItem.minecraft.stone_pickaxe":2,"stat.mineBlock.minecraft.furnace":2,"stat.mineBlock.minecraft.torch":6,"stat.useItem.minecraft.wooden_pickaxe":10,"stat.craftItem.minecraft.cooked_beef":3,"stat.pickup.minecraft.cobblestone":96,"stat.mobKills":23,"stat.mineBlock.minecraft.log":16,"stat.pickup.minecraft.dye":13,"stat.useItem.minecraft.beef":2,"stat.flyOneCm":56612,"stat.pickup.minecraft.wheat_seeds":2,"stat.playOneMinute":25556,"stat.pickup.minecraft.torch":8,"stat.mineBlock.minecraft.gravel":1,"stat.useItem.minecraft.stone_pickaxe":198,"stat.useItem.minecraft.cooked_beef":4,"stat.sneakTime":831,"stat.craftItem.minecraft.iron_pickaxe":1,"stat.craftItem.minecraft.iron_leggings":1,"stat.damageDealt":3390,"stat.mineBlock.minecraft.iron_ore":44,"stat.killEntity.Zombie":12,"stat.timeSinceDeath":25556,"stat.useItem.minecraft.wooden_axe":23,"stat.killEntity.Cow":4,"stat.mineBlock.minecraft.dirt":1,"stat.useItem.minecraft.iron_pickaxe":57,"stat.craftItem.minecraft.wooden_pickaxe":1,"stat.mineBlock.minecraft.stone":97,"stat.mineBlock.minecraft.gold_ore":13,"stat.mineBlock.minecraft.tallgrass":8}