{"stats":{"minecraft:custom":{"minecraft:mob_kills":88,"minecraft:interact_with_crafting_table":41,"minecraft:open_barrel":2,"minecraft:leave_game":2,"minecraft:time_since_death":63878,"minecraft:climb_one_cm":4812,"minecraft:sprint_one_cm":385102,"minecraft:walk_one_cm":494402,"minecraft:drop":85,"minecraft:play_time":179387,"minecraft:deaths":10,"minecraft:sneak_time":5317,"minecraft:walk_under_water_one_cm":14836,"minecraft:jump":1401,"minecraft:walk_on_water_one_cm":24443,"minecraft:total_world_time":179387,"minecraft:interact_with_furnace":83,"minecraft:sleep_in_bed":1,"minecraft:time_since_rest":63926,"minecraft:damage_taken":5371,"minecraft:damage_absorbed":40,"minecraft:damage_dealt":6820,"minecraft:swim_one_cm":3989,"minecraft:fly_one_cm":347325,"minecraft:player_kills":1,"minecraft:open_chest":20,"minecraft:crouch_one_cm":8791,"minecraft:fall_one_cm":28711,"minecraft:inspect_dispenser":3},"minecraft:dropped":{"minecraft:guster_pottery_sherd":4,"minecraft:iron_sword":1,"minecraft:wheat_seeds":1,"minecraft:glass_bottle":2,"minecraft:cooked_porkchop":3,"minecraft:iron_helmet":1,"minecraft:polished_tuff":4,"minecraft:coal":10,"minecraft:stick":5,"minecraft:stone_button":2,"minecraft:torch":58,"minecraft:waxed_weathered_copper_bulb":1,"minecraft:cornflower":1,"minecraft:scrape_pottery_sherd":1,"minecraft:iron_leggings":1,"minecraft:pumpkin":12,"minecraft:iron_axe":1,"minecraft:iron_pickaxe":1,"minecraft:bone":5,"minecraft:furnace":1,"minecraft:stone_axe":1,"minecraft:cooked_chicken":1,"minecraft:stone_sword":3,"minecraft:iron_boots":2,"minecraft:cooked_mutton":26,"minecraft:shield":1,"minecraft:oak_button":1,"minecraft:magenta_dye":2,"minecraft:stone_pickaxe":3,"minecraft:splash_potion":1,"minecraft:waxed_oxidized_copper_grate":2},"minecraft:used":{"minecraft:tuff_bricks":21,"minecraft:stone_sword":293,"minecraft:decorated_pot":2,"minecraft:chest":4,"minecraft:iron_sword":110,"minecraft:cooked_chicken":5,"minecraft:trial_key":4,"minecraft:torch":69,"minecraft:dirt":11,"minecraft:snowball":4,"minecraft:honey_bottle":2,"minecraft:waxed_oxidized_copper":1,"minecraft:wooden_axe":73,"minecraft:iron_axe":40,"minecraft:iron_helmet":1,"minecraft:red_candle":2,"minecraft:iron_boots":1,"minecraft:golden_carrot":1,"minecraft:scaffolding":2,"minecraft:sweet_berries":2,"minecraft:furnace":8,"minecraft:cooked_beef":4,"minecraft:cobbled_deepslate":5,"minecraft:iron_leggings":1,"minecraft:cooked_mutton":22,"minecraft:diorite":32,"minecraft:baked_potato":2,"minecraft:stone_pickaxe":558,"minecraft:wooden_pickaxe":118,"minecraft:golden_apple":1,"minecraft:sand":4,"minecraft:crafting_table":11,"minecraft:white_bed":1,"minecraft:polished_tuff":4,"minecraft:brown_wool":2,"minecraft:iron_pickaxe":300,"minecraft:stone_axe":18,"minecraft:pink_petals":29,"minecraft:potion":1,"minecraft:cobblestone":67,"minecraft:cooked_porkchop":2,"minecraft:andesite":40},"minecraft:crafted":{"minecraft:oak_planks":184,"minecraft:cooked_chicken":8,"minecraft:furnace":6,"minecraft:cooked_mutton":48,"minecraft:iron_boots":2,"minecraft:iron_axe":2,"minecraft:stone_pickaxe":9,"minecraft:chest":4,"minecraft:magenta_dye":1,"minecraft:cooked_beef":14,"minecraft:magenta_bed":1,"minecraft:cooked_porkchop":10,"minecraft:crafting_table":9,"minecraft:spruce_planks":64,"minecraft:iron_helmet":2,"minecraft:wooden_pickaxe":3,"minecraft:iron_sword":2,"minecraft:birch_planks":120,"minecraft:stone_axe":2,"minecraft:air":0,"minecraft:charcoal":5,"minecraft:shield":2,"minecraft:stick":84,"minecraft:iron_ingot":26,"minecraft:iron_pickaxe":3,"minecraft:wooden_axe":1,"minecraft:stone_sword":4,"minecraft:iron_leggings":2,"minecraft:white_bed":1,"minecraft:torch":148},"minecraft:picked_up":{"minecraft:iron_chestplate":6,"minecraft:crafting_table":2,"minecraft:azure_bluet":2,"minecraft:splash_potion":4,"minecraft:chicken":9,"minecraft:flower_pot":2,"minecraft:golden_pickaxe":2,"minecraft:wooden_pickaxe":3,"minecraft:enchanted_book":5,"minecraft:potion":7,"minecraft:brick":51,"minecraft:cornflower":3,"minecraft:string":1,"minecraft:waxed_cut_copper_slab":2,"minecraft:raw_copper":16,"minecraft:red_candle":16,"minecraft:cobbled_deepslate":186,"minecraft:spruce_planks":21,"minecraft:beef":17,"minecraft:trial_key":4,"minecraft:rose_bush":3,"minecraft:poppy":2,"minecraft:light_gray_wool":2,"minecraft:guster_pottery_sherd":6,"minecraft:sugar_cane":71,"minecraft:iron_boots":1,"minecraft:waxed_oxidized_copper":1,"minecraft:furnace":3,"minecraft:tipped_arrow":13,"minecraft:stick":11,"minecraft:raw_iron":81,"minecraft:torch":29,"minecraft:fire_charge":12,"minecraft:porkchop":15,"minecraft:stone_button":3,"minecraft:waxed_weathered_copper_bulb":2,"minecraft:diorite":49,"minecraft:redstone":28,"minecraft:stone_sword":4,"minecraft:arrow":91,"minecraft:honey_bottle":5,"minecraft:rotten_flesh":6,"minecraft:decorated_pot":8,"minecraft:tuff_bricks":138,"minecraft:waxed_cut_copper":2,"minecraft:mutton":41,"minecraft:snowball":12,"minecraft:white_wool":40,"minecraft:cobblestone":846,"minecraft:oxeye_daisy":3,"minecraft:birch_log":30,"minecraft:pink_petals":272,"minecraft:feather":11,"minecraft:lilac":37,"minecraft:golden_carrot":1,"minecraft:water_bucket":3,"minecraft:birch_slab":6,"minecraft:andesite":77,"minecraft:brown_wool":2,"minecraft:leather":10,"minecraft:magenta_dye":6,"minecraft:birch_planks":171,"minecraft:flint":3,"minecraft:waxed_copper_bulb":2,"minecraft:oak_log":58,"minecraft:waxed_copper_block":22,"minecraft:magenta_bed":2,"minecraft:dirt":19,"minecraft:cooked_mutton":5,"minecraft:bone":79,"minecraft:bow":5,"minecraft:wheat_seeds":38,"minecraft:raw_gold":1,"minecraft:iron_ingot":36,"minecraft:stone_pickaxe":10,"minecraft:cooked_chicken":6,"minecraft:guster_banner_pattern":1,"minecraft:glass_bottle":2,"minecraft:honeycomb":11,"minecraft:scrape_pottery_sherd":4,"minecraft:oak_planks":52,"minecraft:scaffolding":2,"minecraft:pumpkin":29,"minecraft:sweet_berries":16,"minecraft:dandelion":8,"minecraft:gravel":15,"minecraft:sand":4,"minecraft:spruce_sapling":1,"minecraft:white_bed":1,"minecraft:spruce_log":62,"minecraft:polished_tuff":25,"minecraft:dispenser":3,"minecraft:diamond":11,"minecraft:slime_ball":154,"minecraft:waxed_oxidized_copper_grate":8,"minecraft:breeze_rod":10,"minecraft:granite":46,"minecraft:golden_apple":2,"minecraft:gray_wool":1,"minecraft:emerald":21,"minecraft:oak_button":2,"minecraft:baked_potato":6,"minecraft:oak_sapling":1,"minecraft:black_wool":2,"minecraft:coal":140,"minecraft:chiseled_tuff_bricks":15},"minecraft:broken":{"minecraft:stone_pickaxe":5,"minecraft:iron_pickaxe":1,"minecraft:wooden_axe":1},"minecraft:mined":{"minecraft:waxed_cut_copper_slab":1,"minecraft:white_bed":1,"minecraft:deepslate_diamond_ore":10,"minecraft:cherry_log":1,"minecraft:granite":43,"minecraft:grass_block":2,"minecraft:decorated_pot":2,"minecraft:spruce_leaves":5,"minecraft:chiseled_tuff_bricks":8,"minecraft:moss_block":1,"minecraft:kelp":1,"minecraft:oxeye_daisy":5,"minecraft:tuff_bricks":60,"minecraft:large_fern":12,"minecraft:tall_seagrass":1,"minecraft:waxed_oxidized_cut_copper":1,"minecraft:furnace":2,"minecraft:iron_ore":26,"minecraft:polished_tuff":14,"minecraft:andesite":65,"minecraft:pumpkin":6,"minecraft:azure_bluet":2,"minecraft:deepslate_iron_ore":15,"minecraft:waxed_weathered_copper_bulb":1,"minecraft:stone":341,"minecraft:waxed_cut_copper":1,"minecraft:deepslate_redstone_ore":8,"minecraft:dandelion":9,"minecraft:powder_snow":27,"minecraft:crafting_table":1,"minecraft:cornflower":3,"minecraft:short_grass":128,"minecraft:poppy":2,"minecraft:rose_bush":4,"minecraft:cobblestone":5,"minecraft:copper_ore":6,"minecraft:tall_grass":30,"minecraft:deepslate_gold_ore":1,"minecraft:sugar_cane":7,"minecraft:waxed_chiseled_copper":1,"minecraft:diorite":44,"minecraft:wall_torch":2,"minecraft:pink_petals":110,"minecraft:seagrass":2,"minecraft:waxed_copper_bulb":2,"minecraft:red_candle":1,"minecraft:waxed_oxidized_copper_grate":4,"minecraft:birch_log":31,"minecraft:lilac":16,"minecraft:spruce_log":40,"minecraft:birch_leaves":1,"minecraft:waxed_copper_block":16,"minecraft:oak_log":60,"minecraft:coal_ore":104,"minecraft:cherry_leaves":2,"minecraft:flower_pot":2,"minecraft:gravel":17,"minecraft:sand":4,"minecraft:dirt":13,"minecraft:dispenser":1,"minecraft:fern":9,"minecraft:oak_leaves":18,"minecraft:deepslate":157},"minecraft:killed_by":{"minecraft:skeleton":6,"minecraft:zombie":2},"minecraft:killed":{"minecraft:slime":18,"minecraft:skeleton":12,"minecraft:chicken":9,"minecraft:pig":9,"minecraft:sheep":28,"minecraft:zombie":3,"minecraft:breeze":1,"minecraft:cow":8}},"DataVersion":3953}